pi_loss,v_loss,total_loss,entropy,expl_var
-0.7132323980331421,1.166916012763977,-0.4798491895198822,4.971057415008545,-0.22173690795898438
-0.7088534235954285,1.193596601486206,-0.47013407945632935,4.908560752868652,-0.16135883331298828
-0.44623544812202454,1.2574115991592407,-0.19475311040878296,4.759815216064453,-0.04084908962249756
-0.3554283380508423,1.2408854961395264,-0.10725124180316925,5.178574085235596,-0.16545891761779785
-0.5695775747299194,1.038764238357544,-0.36182472109794617,4.599277496337891,-0.351108193397522
-0.6417409181594849,1.2048628330230713,-0.40076833963394165,5.087118148803711,-0.2271643877029419
-0.6407890319824219,1.1416401863098145,-0.41246098279953003,4.941823959350586,-0.05388975143432617
-0.7461397647857666,1.2338874340057373,-0.4993622899055481,4.948854923248291,-0.26287734508514404
-0.6092057824134827,1.1764397621154785,-0.373917818069458,4.792954444885254,-0.10658228397369385
-0.8116896748542786,1.1556992530822754,-0.5805498361587524,5.496494770050049,0.059538185596466064
-0.5403633117675781,1.1787835359573364,-0.3046066164970398,4.821767330169678,-0.2335284948348999
-0.16925948858261108,1.1545677185058594,0.06165406107902527,4.999022006988525,-0.01798558235168457
-0.6959420442581177,1.20853853225708,-0.4542343318462372,5.016942501068115,-0.22726261615753174
-0.6723059415817261,1.1489249467849731,-0.44252094626426697,5.118137836456299,-0.12423968315124512
-0.8296483159065247,1.06862473487854,-0.6159233450889587,5.028043270111084,-0.25409722328186035
-0.19493484497070312,1.1372307538986206,0.032511308789253235,4.891047954559326,-0.18948602676391602
-0.7953254580497742,1.1423146724700928,-0.5668625235557556,5.049160480499268,-0.11687278747558594
-0.6807936429977417,1.1784669160842896,-0.44510024785995483,5.194949150085449,-0.19997096061706543
-0.5947139263153076,1.1226550340652466,-0.37018293142318726,4.970768451690674,-0.11722409725189209
-0.7253853678703308,1.2450737953186035,-0.47637060284614563,4.820741653442383,-0.45881617069244385
-0.4361633062362671,1.1169042587280273,-0.21278245747089386,4.926327228546143,-0.23861193656921387
-0.7218024730682373,1.0997613668441772,-0.5018501877784729,4.887094974517822,-0.1760469675064087
-0.8099533915519714,1.1825776100158691,-0.5734378695487976,5.40973424911499,-0.01814103126525879
-0.6132307648658752,1.1539658308029175,-0.3824375867843628,4.849499225616455,-0.2043675184249878
-0.8662163615226746,0.9515594840049744,-0.6759044528007507,5.757542610168457,-0.06668508052825928
-0.5863977670669556,1.1797575950622559,-0.3504462242126465,5.041736602783203,-0.3837883472442627
-0.7405350208282471,1.0828059911727905,-0.523973822593689,4.923993110656738,-0.0993431806564331
-0.43104904890060425,1.1019459962844849,-0.21065984666347504,4.931214809417725,-0.1576099395751953
-0.14287734031677246,1.117242455482483,0.08057115972042084,5.296275615692139,-0.06308209896087646
-0.9308411478996277,0.9596877694129944,-0.7389035820960999,5.845625877380371,0.06646084785461426
-0.932300329208374,1.365110158920288,-0.6592782735824585,6.530590057373047,-0.5501643419265747
-0.6136691570281982,1.3945732116699219,-0.33475449681282043,6.390828609466553,-0.40397679805755615
-0.9861798882484436,1.3370565176010132,-0.7187685966491699,6.444773197174072,-0.48971426486968994
-1.0521459579467773,1.3914241790771484,-0.7738611102104187,6.52878999710083,-0.2943965196609497
-1.001719355583191,1.2222505807876587,-0.7572692632675171,6.3212056159973145,-0.351202130317688
-1.0613408088684082,1.3340598344802856,-0.7945288419723511,6.6283345222473145,-0.5138841867446899
-0.5917645692825317,1.257910966873169,-0.340182363986969,6.442176818847656,-0.3481868505477905
-0.9855150580406189,1.366806983947754,-0.7121536731719971,6.47247838973999,-0.357602596282959
-0.7727552056312561,1.4242990016937256,-0.4878953993320465,6.363849639892578,-0.43569183349609375
-1.1308820247650146,1.2330149412155151,-0.8842790126800537,6.804030418395996,-0.6806157827377319
-0.8612203001976013,1.3919509649276733,-0.5828300714492798,6.500808238983154,-0.39573681354522705
-0.7208643555641174,1.2948421239852905,-0.4618959128856659,6.427236080169678,-0.3970170021057129
-0.7262383699417114,1.2954516410827637,-0.4671480357646942,6.566473484039307,-0.4132622480392456
-0.8805897235870361,1.3167755603790283,-0.6172345876693726,6.576147556304932,-0.4597967863082886
-1.0131405591964722,1.09769868850708,-0.7936007976531982,6.429127216339111,-0.6689020395278931
-1.005376935005188,1.2907063961029053,-0.7472356557846069,6.565435409545898,-0.38503503799438477
-0.8254175782203674,1.2831878662109375,-0.5687800049781799,6.511946201324463,-0.43409740924835205
-0.879492998123169,1.3375370502471924,-0.6119855642318726,6.540938854217529,-0.41468870639801025
-1.0033272504806519,1.256338119506836,-0.7520595788955688,6.452032566070557,-0.4524691104888916
-1.1415244340896606,1.2028111219406128,-0.900962233543396,7.054555892944336,-0.5136313438415527
-1.0535825490951538,1.2656772136688232,-0.8004471063613892,6.625799179077148,-0.2448279857635498
0.5354487895965576,1.1967921257019043,0.7748072147369385,6.697667598724365,-0.25609004497528076
-1.0175590515136719,1.2650657892227173,-0.7645459175109863,6.3830246925354,-0.5447853803634644
-0.8757379055023193,1.3077036142349243,-0.6141971349716187,6.562702655792236,-0.5885286331176758
-1.0417444705963135,1.3180909156799316,-0.7781262397766113,6.521428108215332,-0.475089430809021
-0.8248339891433716,1.229474663734436,-0.5789390802383423,6.578895568847656,-0.2411881685256958
-1.014233946800232,1.2830394506454468,-0.7576260566711426,6.523052215576172,-0.3864254951477051
-0.9231685996055603,1.2470076084136963,-0.67376708984375,6.512886047363281,-0.4581722021102905
-1.0438851118087769,1.2182236909866333,-0.8002403974533081,6.725883960723877,-0.5908710956573486
-1.211330771446228,1.0318517684936523,-1.0049604177474976,6.737292766571045,-0.45816898345947266
-0.9581258296966553,1.2019017934799194,-0.7177454829216003,6.323982238769531,-0.044171690940856934
-0.842999279499054,1.308471441268921,-0.5813050270080566,5.993338108062744,0.1727312207221985
-0.9504965543746948,1.2674849033355713,-0.6969995498657227,6.278575897216797,-0.10717785358428955
-0.933989942073822,1.2678614854812622,-0.6804176568984985,6.141419887542725,0.06522268056869507
-0.919127881526947,1.012850284576416,-0.7165578007698059,5.809767723083496,-0.0803600549697876
-0.682091236114502,1.274888515472412,-0.42711353302001953,6.090543270111084,0.17677026987075806
-0.9385826587677002,1.2349879741668701,-0.6915850639343262,6.133415222167969,-0.11992824077606201
-0.8208908438682556,1.2422404289245605,-0.5724427700042725,6.288402080535889,-0.014200210571289062
-0.9812265038490295,1.1698837280273438,-0.7472497224807739,6.304943561553955,0.05211377143859863
-0.9153648614883423,1.2084085941314697,-0.6736831665039062,5.8540544509887695,-0.03720998764038086
-0.9360897541046143,1.196789026260376,-0.6967319250106812,6.1943206787109375,0.061376333236694336
-0.6248477697372437,1.2369130849838257,-0.3774651288986206,6.198461055755615,0.13351815938949585
0.15133246779441833,1.2582972049713135,0.40299192070961,6.176912307739258,-0.07747292518615723
-0.9076514840126038,1.1604400873184204,-0.6755634546279907,6.250932216644287,-0.06651532649993896
-1.0530532598495483,1.0738180875778198,-0.8382896184921265,6.455381393432617,0.08301252126693726
-0.9303046464920044,1.1496062278747559,-0.7003834247589111,6.36669397354126,-0.05700397491455078
-0.9322110414505005,1.304948091506958,-0.6712213754653931,5.945176601409912,-0.044130563735961914
-0.8667861819267273,1.1742334365844727,-0.6319394707679749,6.1765971183776855,0.16398918628692627
-0.8968085050582886,1.1573677062988281,-0.665334939956665,6.417413234710693,-0.02312779426574707
-1.1052219867706299,0.9724718332290649,-0.9107276201248169,6.668992042541504,-0.09529030323028564
-0.869903564453125,1.144223928451538,-0.6410588026046753,6.453241348266602,0.08730143308639526
-0.6716983318328857,1.174628734588623,-0.43677258491516113,6.212947368621826,-0.0846337080001831
-0.9577512741088867,1.2063589096069336,-0.716479480266571,6.060145854949951,-0.15099501609802246
-0.374245822429657,1.1650265455245972,-0.14124050736427307,6.353586196899414,0.18828189373016357
-1.075054407119751,1.0672502517700195,-0.8616043329238892,6.406325340270996,0.013740062713623047
-0.9741551280021667,1.1355645656585693,-0.747042179107666,6.2991042137146,0.10203486680984497
-0.8431788682937622,1.1210647821426392,-0.6189659237861633,6.295196533203125,-0.07255232334136963
-0.9767341613769531,1.1732981204986572,-0.7420745491981506,6.368748188018799,-0.06015896797180176
-0.1525103896856308,1.1920922994613647,0.08590807020664215,6.2623748779296875,0.15845441818237305
-1.0097203254699707,1.0598260164260864,-0.7977551221847534,6.348397254943848,-0.01688206195831299
-0.8618651032447815,1.0891385078430176,-0.6440373659133911,6.0797648429870605,-0.07995569705963135
0.8717791438102722,1.1033034324645996,1.092439889907837,6.352905750274658,-0.06651473045349121
-0.8788206577301025,1.097935676574707,-0.6592335104942322,6.279224395751953,-0.001109480857849121
-0.5496098399162292,1.0769243240356445,-0.33422496914863586,6.305933475494385,-0.08846056461334229
-0.9956330060958862,0.9608088731765747,-0.8034712076187134,6.286097049713135,0.23377424478530884
-0.9815322160720825,1.0914233922958374,-0.763247549533844,6.225836277008057,-0.06535959243774414
2.3645567893981934,1.0764306783676147,2.579843044281006,6.376438140869141,-0.0240553617477417
-0.8770655393600464,1.087412714958191,-0.6595829725265503,6.210962772369385,-0.05369114875793457
-0.9804646372795105,1.0743911266326904,-0.7655863761901855,6.266615390777588,-0.054880738258361816
-1.121876835823059,0.942080557346344,-0.9334607124328613,6.563710689544678,0.1250109076499939
-0.7950875759124756,1.1131023168563843,-0.5724670886993408,6.228061199188232,-0.12699639797210693
-0.9803135395050049,1.0501247644424438,-0.7702885866165161,6.365808010101318,-0.011043071746826172
-1.0051217079162598,1.0860403776168823,-0.7879136204719543,6.314457416534424,0.03602182865142822
-1.0069299936294556,1.0593281984329224,-0.7950643301010132,6.32821798324585,0.026813983917236328
-0.9736731052398682,0.9094025492668152,-0.7917925715446472,6.218633651733398,-0.2444319725036621
-1.0233145952224731,1.0812346935272217,-0.8070676326751709,6.270345211029053,-0.07757568359375
-0.9943133592605591,1.0542120933532715,-0.7834709286689758,6.4097113609313965,-0.10298001766204834
-1.029207468032837,1.0607870817184448,-0.817050039768219,6.331022262573242,0.07643455266952515
-0.8175532817840576,1.079807996749878,-0.6015917062759399,6.384363651275635,-0.11234593391418457
-0.935603678226471,0.9633874297142029,-0.7429261803627014,5.8440046310424805,0.19878226518630981
-0.9923856258392334,1.0605230331420898,-0.7802810072898865,6.399883270263672,0.049999773502349854
-0.9904903769493103,1.0439308881759644,-0.7817041873931885,6.353103160858154,0.03829503059387207
-0.6184033155441284,1.0768619775772095,-0.4030309319496155,6.276452541351318,-0.02504706382751465
-0.9972602128982544,1.0755081176757812,-0.782158613204956,6.431294918060303,-0.16219937801361084
-0.9599766731262207,0.9710753560066223,-0.7657616138458252,6.029865741729736,-0.47771477699279785
-1.0022265911102295,1.0419360399246216,-0.7938393950462341,6.287298679351807,0.08975309133529663
-0.9171497821807861,1.0727512836456299,-0.7025995254516602,6.5212321281433105,0.07025861740112305
-1.0125069618225098,1.0592972040176392,-0.800647497177124,6.396101474761963,-0.08558011054992676
-0.9742966890335083,1.0723702907562256,-0.7598226070404053,6.372938632965088,-0.1190025806427002
-0.9162812232971191,1.0140371322631836,-0.7134737968444824,5.901091575622559,-0.7473864555358887
-0.9006510972976685,1.1168843507766724,-0.677274227142334,5.884928226470947,-0.4707064628601074
-0.8897008895874023,1.066034197807312,-0.6764940619468689,5.896261692047119,-0.2417769432067871
-0.817876398563385,1.0635026693344116,-0.6051758527755737,5.86624002456665,-0.25676417350769043
-0.7977951765060425,1.0636311769485474,-0.585068941116333,5.920696258544922,-0.3771580457687378
-1.0256930589675903,0.9360575675964355,-0.8384815454483032,6.555026054382324,0.17288589477539062
-0.8234059810638428,1.0708967447280884,-0.609226644039154,6.039700031280518,-0.2984905242919922
-0.866809606552124,1.0911612510681152,-0.6485773324966431,5.970826625823975,-0.2852891683578491
-0.8358317613601685,1.1048592329025269,-0.614859938621521,5.612262725830078,-0.3702598810195923
-0.8971211314201355,1.0409348011016846,-0.6889341473579407,6.140893936157227,-0.27403390407562256
-0.857552707195282,0.976364254951477,-0.6622798442840576,5.672469615936279,-0.4393652677536011
0.9796783924102783,1.0915478467941284,1.1979879140853882,5.944259166717529,-0.3820708990097046
-0.780120849609375,1.073778748512268,-0.5653650760650635,5.791800022125244,-0.18296825885772705
-0.9272934794425964,1.0732324123382568,-0.7126469612121582,6.103243350982666,-0.22074663639068604
-0.9069356918334961,1.0668408870697021,-0.6935675144195557,5.9519572257995605,-0.38657963275909424
-0.9468547701835632,1.062368392944336,-0.7343810796737671,5.845829486846924,-0.6596053838729858
-0.8601300716400146,1.0648760795593262,-0.6471548676490784,6.086639881134033,-0.23538172245025635
-0.7250481843948364,1.085963249206543,-0.5078555345535278,5.948598384857178,-0.30570530891418457
-0.7830944657325745,1.084517002105713,-0.5661910772323608,5.838146209716797,-0.32759344577789307
-0.8824180364608765,1.0823079347610474,-0.665956437587738,5.992197513580322,-0.21899151802062988
-0.7199237942695618,1.0961382389068604,-0.5006961226463318,5.764610290527344,-0.9271161556243896
-0.3427504897117615,1.0649819374084473,-0.12975409626960754,6.130486965179443,-0.31262099742889404
0.5720994472503662,1.0963633060455322,0.7913721203804016,5.810642719268799,-0.23547768592834473
-0.834632933139801,1.1177423000335693,-0.6110844612121582,5.915729522705078,-0.419486403465271
-0.9385325312614441,1.0856926441192627,-0.7213940024375916,6.081655025482178,-0.28413212299346924
-0.8755075931549072,0.9305260181427002,-0.6894024014472961,5.763857364654541,0.021584749221801758
-0.8996591567993164,1.0823947191238403,-0.6831802129745483,5.887002468109131,-0.3154219388961792
-0.8961290717124939,1.0675911903381348,-0.682610809803009,6.13507604598999,-0.23969197273254395
-0.9326133728027344,1.138615608215332,-0.704890251159668,5.998319625854492,-0.27160143852233887
-0.6907238364219666,1.0973687171936035,-0.47125008702278137,5.984891891479492,-0.2923543453216553
-0.970754086971283,0.9632014036178589,-0.7781137824058533,5.835630416870117,-0.23015618324279785
-0.9694706797599792,1.2164387702941895,-0.7261829376220703,6.2628912925720215,0.27374136447906494
-0.8854492902755737,1.1975178718566895,-0.6459457278251648,6.412855625152588,-0.13083291053771973
-0.9260770082473755,1.1522456407546997,-0.6956278681755066,6.306371212005615,0.0956430435180664
-0.3486271798610687,1.1285890340805054,-0.12290936708450317,6.17400598526001,-0.02340841293334961
-1.0428582429885864,0.9381992816925049,-0.8552184104919434,6.471909999847412,0.21708589792251587
-0.740172266960144,1.1705063581466675,-0.5060709714889526,6.381041049957275,0.11641323566436768
-0.857114851474762,1.1557508707046509,-0.6259646415710449,6.355539798736572,0.12256592512130737
-0.5090343952178955,1.184809923171997,-0.2720724046230316,6.137386322021484,0.08896666765213013
-0.9675050377845764,1.1607547998428345,-0.7353540658950806,6.302713871002197,-0.06544077396392822
-1.014503836631775,1.3702027797698975,-0.7404632568359375,6.672224521636963,-0.24235963821411133
-0.9944019317626953,1.2204163074493408,-0.7503186464309692,6.481120586395264,0.16585606336593628
-0.6082262992858887,1.10946786403656,-0.3863327205181122,6.21797513961792,-0.03080308437347412
0.5081419348716736,1.1875567436218262,0.7456532716751099,6.294403076171875,0.08117407560348511
-0.9090282917022705,1.2181802988052368,-0.6653922200202942,6.3119635581970215,0.14871245622634888
-0.9735522270202637,1.2696285247802734,-0.7196265459060669,6.278543949127197,-0.31539857387542725
-0.49423202872276306,1.295396327972412,-0.23515275120735168,6.164865016937256,0.08978110551834106
-1.0436112880706787,1.1881182193756104,-0.8059876561164856,6.562346935272217,0.2063049077987671
-0.9904097318649292,1.2051106691360474,-0.7493876218795776,6.409200191497803,-0.058864474296569824
-0.9316158294677734,1.1305493116378784,-0.7055059671401978,6.239042282104492,-0.05092120170593262
-0.9895042181015015,1.0446223020553589,-0.7805797457695007,6.316092014312744,0.46166783571243286
-0.9477171301841736,1.2280149459838867,-0.7021141052246094,6.442766189575195,0.03348350524902344
-0.5761593580245972,1.2265193462371826,-0.33085548877716064,6.27794885635376,0.00837785005569458
-1.007708191871643,1.1456356048583984,-0.7785810828208923,6.444026470184326,0.14439523220062256
-0.7837861776351929,1.2096941471099854,-0.5418473482131958,6.304610729217529,0.05246096849441528
-1.004810094833374,1.3716951608657837,-0.7304710149765015,6.239114284515381,0.2474716305732727
-0.9996558427810669,1.1782406568527222,-0.7640076875686646,6.506107807159424,0.17422908544540405
-0.875246524810791,1.213903546333313,-0.6324658393859863,6.191522598266602,-0.006258368492126465
-1.004698395729065,1.2938754558563232,-0.7459232807159424,6.372714996337891,0.10816049575805664
-0.9709193110466003,1.2236521244049072,-0.7261888980865479,6.4944024085998535,0.027190983295440674
3.005692481994629,1.0140794515609741,3.2085084915161133,6.155978202819824,-0.05611062049865723
-0.9947986602783203,1.3132779598236084,-0.7321430444717407,6.7519378662109375,-0.23183536529541016
0.009017149917781353,1.2567218542099,0.26036152243614197,6.806009292602539,-0.09975802898406982
-1.0686471462249756,1.3559082746505737,-0.797465443611145,6.777439117431641,-0.34659910202026367
-0.7421067953109741,1.4020642042160034,-0.4616939425468445,6.886166095733643,-0.3479522466659546
-1.0661487579345703,1.2093665599822998,-0.8242754340171814,6.767189979553223,-0.481136679649353
-1.1165574789047241,1.3913273811340332,-0.8382920026779175,6.947225570678711,-0.44556450843811035
-0.9734125137329102,1.3104958534240723,-0.7113133668899536,6.708113193511963,-0.09613561630249023
-1.0730860233306885,1.2505736351013184,-0.8229712843894958,6.800634860992432,-0.25308918952941895
-1.0608162879943848,1.369952917098999,-0.7868256568908691,6.797033786773682,-0.07938563823699951
-1.1867289543151855,1.4228466749191284,-0.902159571647644,6.921115398406982,-0.8120416402816772
-0.8937583565711975,1.256842851638794,-0.6423897743225098,6.920602321624756,-0.15967893600463867
-0.8499186038970947,1.2782689332962036,-0.594264805316925,6.842478275299072,-0.14021408557891846
-1.0823924541473389,1.292494297027588,-0.8238935470581055,6.697456359863281,-0.2761780023574829
-1.0670819282531738,1.5733989477157593,-0.752402126789093,6.892063140869141,-0.4593549966812134
-1.1507697105407715,1.0738768577575684,-0.9359943270683289,6.676220893859863,0.17374879121780396
-1.0536807775497437,1.4442453384399414,-0.7648316621780396,6.910526752471924,-0.5022803544998169
-0.8801411986351013,1.501686930656433,-0.5798038244247437,6.804699420928955,-0.19126319885253906
-1.0201220512390137,1.1974761486053467,-0.7806268334388733,6.8205180168151855,-0.09728121757507324
-1.1256650686264038,1.2534770965576172,-0.8749696016311646,6.809061050415039,-0.1444859504699707
-1.198172688484192,1.171614408493042,-0.9638497829437256,7.177966117858887,-0.2788585424423218
0.14231933653354645,1.4872181415557861,0.4397629499435425,6.92022180557251,-0.1488274335861206
-1.040286898612976,1.3065266609191895,-0.7789815664291382,6.931949615478516,-0.1462571620941162
-1.0509461164474487,1.3520379066467285,-0.7805385589599609,6.792852401733398,-0.24071550369262695
-0.9238717555999756,1.2437411546707153,-0.6751235127449036,6.794007778167725,-0.26501739025115967
-1.17229425907135,1.2313696146011353,-0.9260203242301941,7.107500076293945,-0.5477508306503296
-1.125083327293396,1.4517525434494019,-0.8347327709197998,6.88616418838501,-0.12778019905090332
-1.0009430646896362,1.3137580156326294,-0.7381914854049683,6.803610324859619,-0.18360590934753418
-1.1012368202209473,1.3584809303283691,-0.8295406103134155,6.979057312011719,-0.34676921367645264
-1.0150041580200195,1.2114331722259521,-0.7727175354957581,6.822774410247803,-0.1539440155029297
-1.2050635814666748,1.512431025505066,-0.9025774002075195,7.365401268005371,-0.2988680601119995
-0.8008120059967041,1.1968698501586914,-0.5614380240440369,6.434967041015625,-0.09666705131530762
-0.8725802898406982,1.2083275318145752,-0.6309148073196411,6.353989124298096,-0.05845844745635986
-0.9460684657096863,1.2374719381332397,-0.6985740661621094,6.356832504272461,0.05552595853805542
-0.8558351397514343,1.260124683380127,-0.60381019115448,6.376758575439453,-0.03314781188964844
-0.882778525352478,0.9949382543563843,-0.6837908625602722,5.761671543121338,0.2691550850868225
-0.9480453133583069,1.2121669054031372,-0.7056119441986084,6.205583095550537,-0.034603238105773926
0.656058669090271,1.2512084245681763,0.9063003659248352,6.384422302246094,0.0010613799095153809
-0.9866650700569153,1.1947572231292725,-0.7477136254310608,6.316500186920166,-0.009715914726257324
-0.6685189604759216,1.2148736715316772,-0.42554420232772827,6.498533725738525,0.010160267353057861
-1.1252001523971558,1.1513725519180298,-0.8949256539344788,6.891077041625977,-0.2972143888473511
-1.0318633317947388,1.2038546800613403,-0.7910923957824707,6.550094127655029,0.0864030122756958
-0.9210781455039978,1.2182888984680176,-0.6774203777313232,6.4781646728515625,0.03793114423751831
-0.9430792927742004,1.2195277214050293,-0.6991737484931946,6.332271099090576,-0.019198298454284668
-0.049769505858421326,1.2203785181045532,0.19430619478225708,6.205347537994385,-0.09254467487335205
-1.0291900634765625,1.1557999849319458,-0.7980300784111023,6.310111045837402,-0.3640674352645874
-0.9593654274940491,1.2283759117126465,-0.7136902213096619,6.540171146392822,-0.04991614818572998
-0.2609383463859558,1.2072088718414307,-0.019496574997901917,6.548791408538818,0.06953680515289307
-0.9649323225021362,1.1825989484786987,-0.7284125089645386,6.434932708740234,-0.1928633451461792
-0.7049558162689209,1.2287230491638184,-0.45921120047569275,6.122564792633057,0.14270979166030884
-0.9978935718536377,1.138094425201416,-0.7702746987342834,6.2516679763793945,-0.36495721340179443
0.6931028366088867,1.2148462533950806,0.9360721111297607,6.484432220458984,0.01899242401123047
-0.5489972829818726,1.2314659357070923,-0.3027040958404541,6.3795928955078125,0.06263607740402222
-0.6957793831825256,1.2042852640151978,-0.45492231845855713,6.457653045654297,-0.14632785320281982
-0.2589637339115143,1.186348795890808,-0.02169397473335266,6.350320339202881,-0.019858360290527344
-1.0678555965423584,1.0283457040786743,-0.8621864318847656,6.5741400718688965,0.05913424491882324
-0.8334173560142517,1.2178291082382202,-0.5898514986038208,6.569457530975342,-0.13863122463226318
-0.9292049407958984,1.2147248983383179,-0.6862599849700928,6.3260040283203125,-0.052072763442993164
-1.0431591272354126,1.156106948852539,-0.8119377493858337,6.513059616088867,-0.03016793727874756
-0.45291316509246826,1.1940034627914429,-0.21411247551441193,6.432938098907471,0.17353689670562744
-0.9134209752082825,1.1415997743606567,-0.6851010322570801,5.953041076660156,-0.35118257999420166
-0.75716632604599,1.5236119031906128,-0.452443927526474,5.400567531585693,-0.08281421661376953
-0.848135769367218,1.5283687114715576,-0.5424619913101196,5.519937992095947,0.06178849935531616
-0.7882063388824463,1.6718920469284058,-0.4538279175758362,5.485355377197266,-0.034331679344177246
-0.871526300907135,1.9652578830718994,-0.4784747064113617,5.734777927398682,-0.23387229442596436
-0.9249057173728943,1.4117082357406616,-0.642564058303833,5.7275214195251465,0.15048843622207642
-0.7852861285209656,1.924816608428955,-0.4003227949142456,5.470694065093994,-0.14904344081878662
-0.8984477519989014,1.6255278587341309,-0.5733422040939331,5.7760701179504395,-0.054691195487976074
-0.6840212941169739,1.6528410911560059,-0.3534530699253082,5.50999641418457,-0.13947880268096924
-0.8219624757766724,1.4873300790786743,-0.5244964361190796,5.444905757904053,0.13670605421066284
-0.8764297366142273,1.3270933628082275,-0.6110110282897949,5.442835807800293,-0.2806788682937622
-0.42377349734306335,1.5925984382629395,-0.10525381565093994,5.534002304077148,-0.19469785690307617
0.26461225748062134,1.7241653203964233,0.609445333480835,5.6612701416015625,-0.09939777851104736
-0.8415199518203735,1.770103931427002,-0.4874991476535797,5.452064514160156,-0.07833731174468994
-0.830722987651825,1.5934793949127197,-0.5120271444320679,5.468803882598877,0.00032657384872436523
-0.9601286053657532,1.1892465353012085,-0.7222793102264404,6.101592063903809,0.324782133102417
-0.7419693470001221,1.6716688871383667,-0.40763556957244873,5.567686080932617,0.032168686389923096
-0.8387102484703064,1.594893217086792,-0.5197316408157349,5.485290050506592,0.01856762170791626
-0.8461520671844482,1.5716700553894043,-0.5318180322647095,5.596044540405273,0.042505502700805664
-0.79239821434021,1.750322699546814,-0.4423336684703827,5.555095195770264,-0.4049171209335327
-0.9020054936408997,1.4517377614974976,-0.611657977104187,5.8196563720703125,0.4373490810394287
-0.7695362567901611,1.651360034942627,-0.4392642378807068,5.477373123168945,-0.12147390842437744
-0.8883807063102722,1.806418538093567,-0.5270969867706299,5.647772312164307,-0.19092345237731934
-0.8012002110481262,1.5129153728485107,-0.49861714243888855,5.445109844207764,-0.019963979721069336
-0.8476883769035339,1.5551114082336426,-0.5366660952568054,5.645458221435547,0.07149338722229004
-0.9861569404602051,1.4039897918701172,-0.7053589820861816,6.073939323425293,0.029978811740875244
0.05038480460643768,1.562914252281189,0.36296766996383667,5.495728015899658,0.0057544708251953125
-0.8604757785797119,1.5888108015060425,-0.5427136421203613,5.71762228012085,-0.2830890417098999
-0.3763933479785919,1.685876488685608,-0.03921803832054138,5.419363021850586,0.011987388134002686
-0.8728501796722412,1.5861830711364746,-0.5556135177612305,5.7478861808776855,0.0853545069694519
-0.8670343160629272,1.4786993265151978,-0.5712944269180298,5.474887371063232,-0.9778751134872437
-0.5597941279411316,1.4160314798355103,-0.2765878140926361,5.562215328216553,-0.24520516395568848
-0.7816641330718994,1.3034415245056152,-0.5209758281707764,5.953017711639404,-0.37271416187286377
-0.7604508399963379,1.4562373161315918,-0.469203382730484,5.937094211578369,-0.4240396022796631
-0.8415910601615906,1.3711291551589966,-0.5673652291297913,5.764766216278076,-0.23716950416564941
-0.8734555840492249,0.9891190528869629,-0.6756317615509033,5.63630485534668,-0.21499097347259521
-0.8738570213317871,1.4153550863265991,-0.5907859802246094,5.829797267913818,-0.37762558460235596
-0.8647205829620361,1.5148954391479492,-0.5617414712905884,5.843242168426514,-0.31952106952667236
-0.8814452290534973,1.2666146755218506,-0.6281223297119141,5.805134296417236,-0.4752844572067261
-0.7660348415374756,1.2551214694976807,-0.5150105357170105,5.672706127166748,-0.11160612106323242
-0.08919237554073334,1.0735284090042114,0.12551331520080566,5.8461809158325195,0.04499870538711548
-0.8723514080047607,1.3269299268722534,-0.6069654226303101,5.804197311401367,-0.30886709690093994
-0.8194558620452881,1.3300480842590332,-0.5534462332725525,5.844661712646484,-0.2720710039138794
-0.8201030492782593,1.345644235610962,-0.5509741902351379,5.663444995880127,-0.2868095636367798
-0.9125389456748962,1.3335418701171875,-0.6458305716514587,5.823772430419922,-0.3403273820877075
-0.9062983989715576,1.2121256589889526,-0.6638732552528381,5.803805351257324,-0.4391155242919922
-0.8419366478919983,1.2417540550231934,-0.5935858488082886,5.69894552230835,-0.18178093433380127
-0.860065221786499,1.3371195793151855,-0.592641294002533,6.072250843048096,-0.36035120487213135
-0.822434663772583,1.3824306726455688,-0.5459485054016113,5.569169998168945,-0.30218935012817383
-0.8512356281280518,1.2835115194320679,-0.5945333242416382,5.740380764007568,-0.3680398464202881
-0.9377673864364624,1.2119303941726685,-0.6953812837600708,6.108570098876953,-0.6815871000289917
-0.7405521869659424,1.296277642250061,-0.4812966585159302,5.656272888183594,-0.11493480205535889
-0.9026244282722473,1.3813703060150146,-0.6263504028320312,5.892699718475342,-0.44422876834869385
-0.8527037501335144,1.2165471315383911,-0.6093943119049072,5.8611531257629395,-0.3108482360839844
-0.7191082239151001,1.2550160884857178,-0.4681049883365631,5.649702548980713,-0.29231059551239014
-1.0534019470214844,1.2364518642425537,-0.8061115741729736,6.327122211456299,-0.586955189704895
-0.864539384841919,1.2039124965667725,-0.6237568855285645,5.775279521942139,-0.3990657329559326
-0.8416271209716797,1.2772436141967773,-0.5861784219741821,5.696922779083252,-0.26368463039398193
-0.7849782109260559,1.3080393075942993,-0.5233703851699829,5.891887664794922,-0.31127727031707764
-0.8348082900047302,1.2802950143814087,-0.5787492990493774,5.784358501434326,-0.2692148685455322
-0.929339587688446,1.1315946578979492,-0.7030206322669983,5.993930816650391,-0.09923076629638672
-0.7835254669189453,1.2378424406051636,-0.5359569787979126,5.407655239105225,-0.17782831192016602
-0.7509638667106628,1.381250023841858,-0.47471386194229126,5.271303176879883,0.07219165563583374
-0.7653954029083252,1.302269697189331,-0.504941463470459,5.225827693939209,0.00035881996154785156
-0.8426287770271301,1.2752549648284912,-0.5875778198242188,5.601469039916992,-0.052794575691223145
-0.2624092102050781,1.152115821838379,-0.031986042857170105,5.12803316116333,0.07821351289749146
-0.7798968553543091,1.292564868927002,-0.5213838815689087,5.560884475708008,0.06279200315475464
-0.6692295074462891,1.2703694105148315,-0.4151556193828583,5.233191013336182,-0.05615806579589844
-0.6999228596687317,1.2495388984680176,-0.4500150680541992,5.474790096282959,-0.07233786582946777
-0.7304348349571228,1.2659109830856323,-0.47725263237953186,5.261226654052734,-0.1335136890411377
-0.7758157253265381,1.120810627937317,-0.5516536235809326,5.3853254318237305,0.2633248567581177
-0.7732294797897339,1.2377249002456665,-0.5256844758987427,5.507662296295166,-0.02394998073577881
-0.741269588470459,1.276904582977295,-0.48588865995407104,5.264804363250732,-0.05135977268218994
-0.8155757784843445,1.2486821413040161,-0.5658393502235413,5.419464588165283,-0.13368535041809082
-0.8142251968383789,1.1865105628967285,-0.5769230723381042,5.538003444671631,0.05459016561508179
-0.670627236366272,1.1676592826843262,-0.43709537386894226,4.754513740539551,0.01645904779434204
-0.780082643032074,1.1702626943588257,-0.5460301041603088,5.530506134033203,0.017008841037750244
-0.44367271661758423,1.1859828233718872,-0.2064761519432068,5.385291576385498,-0.004990339279174805
-0.7669445276260376,1.251241683959961,-0.5166962146759033,5.389210224151611,-0.07697772979736328
-0.49232661724090576,1.2223076820373535,-0.24786508083343506,5.457639694213867,0.01870417594909668
-0.7974470853805542,1.1598005294799805,-0.5654869675636292,5.292304992675781,-0.5829133987426758
-0.70272296667099,1.1755057573318481,-0.4676218032836914,5.673498630523682,-0.1376398801803589
-0.6838765740394592,1.1650729179382324,-0.45086199045181274,5.107842922210693,0.17374640703201294
0.06451119482517242,1.2187669277191162,0.3082645833492279,5.580895900726318,-0.18681716918945312
-0.8380326628684998,1.1744822263717651,-0.6031361818313599,5.551808834075928,-0.042317867279052734
-0.6562725901603699,1.1498057842254639,-0.4263114333152771,5.257912635803223,0.35700517892837524
-0.7664885520935059,1.2142568826675415,-0.5236371755599976,5.595308780670166,-0.15807723999023438
-0.7746911644935608,1.1678848266601562,-0.5411142110824585,5.52102518081665,0.04743385314941406
-0.8407616019248962,1.1749558448791504,-0.6057704091072083,5.592509746551514,-0.07788026332855225
-0.8072051405906677,1.1897517442703247,-0.5692547559738159,5.3833842277526855,0.1043626070022583
-0.7663279175758362,0.9540620446205139,-0.5755155086517334,5.184905052185059,-0.14088904857635498
-0.7436503171920776,1.231034517288208,-0.49744340777397156,5.787164211273193,0.07974779605865479
-0.8886399865150452,1.1430076360702515,-0.6600384712219238,5.962588787078857,-0.02801799774169922
-0.4038335382938385,1.2033640146255493,-0.16316072642803192,5.866353511810303,-0.021534323692321777
-0.7657333612442017,1.1761043071746826,-0.5305125117301941,6.132826328277588,0.02156740427017212
-0.858710765838623,1.0089008808135986,-0.6569305658340454,5.829519271850586,-0.2250286340713501
-0.4967983663082123,1.1174437999725342,-0.273309588432312,5.908973217010498,0.09510838985443115
-0.8807178735733032,1.1636443138122559,-0.64798903465271,5.8714919090271,-0.09662330150604248
-0.9005234837532043,1.207999587059021,-0.6589235663414001,6.089458465576172,-0.06638467311859131
-0.5836122035980225,1.1308050155639648,-0.3574512004852295,6.060645580291748,-0.052940964698791504
-0.9490814805030823,1.0232369899749756,-0.7444340586662292,5.790973663330078,0.199554443359375
-0.8812435865402222,1.1205527782440186,-0.6571330428123474,5.912101745605469,0.02522796392440796
-0.8603122234344482,1.1263346672058105,-0.6350452899932861,5.972846984863281,-0.037331342697143555
-0.912227213382721,1.1051641702651978,-0.6911943554878235,6.04625129699707,-0.11221301555633545
-0.9212374091148376,1.1543300151824951,-0.6903713941574097,6.13827657699585,0.04848963022232056
-0.9703108072280884,1.0069224834442139,-0.7689263224601746,6.018749237060547,-0.03664815425872803
-0.9114506840705872,1.1131784915924072,-0.6888149976730347,6.008527755737305,-0.05850422382354736
-0.775822103023529,1.0934417247772217,-0.5571337342262268,6.115013599395752,-0.007982373237609863
-0.9229519367218018,1.093036413192749,-0.704344630241394,6.080898761749268,-0.06611216068267822
-0.7502377033233643,1.1092705726623535,-0.5283836126327515,6.043659210205078,0.06660377979278564
-0.9947385191917419,0.9862644672393799,-0.7974855899810791,5.974089622497559,-0.11349904537200928
-0.675736129283905,1.075933575630188,-0.46054941415786743,5.947151184082031,-0.10706019401550293
-0.9144682288169861,1.1042077541351318,-0.6936266422271729,6.294657230377197,-0.05528151988983154
-0.5622251033782959,1.0892162322998047,-0.3443818688392639,5.95221471786499,0.08736544847488403
-0.9495947957038879,1.0876619815826416,-0.7320623993873596,6.224475383758545,-0.024080276489257812
-0.9862135648727417,0.9700305461883545,-0.7922074794769287,6.036139011383057,0.08358675241470337
-0.8787674903869629,1.0845327377319336,-0.6618609428405762,6.075120449066162,0.031142592430114746
-0.9131665825843811,1.106027603149414,-0.6919610500335693,6.120019912719727,-0.06031298637390137
-0.857550859451294,1.107509970664978,-0.6360488533973694,6.077608108520508,-0.0014957189559936523
-0.8757258653640747,1.1163270473480225,-0.6524604558944702,6.278535842895508,-0.06438827514648438
-0.9845834374427795,0.9408650398254395,-0.7964104413986206,6.272822380065918,-0.062377333641052246
-0.7955637574195862,1.4110249280929565,-0.5133587718009949,5.624940872192383,0.20038211345672607
-0.8547039031982422,1.3847012519836426,-0.5777636766433716,5.840981960296631,0.14413058757781982
-0.8457002639770508,1.4308593273162842,-0.5595283508300781,5.814063549041748,0.3380005955696106
-0.7595623135566711,1.3664494752883911,-0.4862724244594574,5.853837490081787,0.23829889297485352
-0.8334456086158752,1.2622097730636597,-0.5810036659240723,5.944706916809082,0.18661648035049438
-0.8545634150505066,1.328686237335205,-0.5888261795043945,5.9078145027160645,0.28731685876846313
-0.8781805634498596,1.4023048877716064,-0.5977195501327515,5.634974002838135,0.20948410034179688
-0.8488062024116516,1.3539141416549683,-0.578023374080658,5.9920172691345215,0.29496604204177856
-0.8701550960540771,1.3879464864730835,-0.5925657749176025,5.701299667358398,0.189872145652771
4.512794017791748,1.5455743074417114,4.821908950805664,5.422311782836914,-0.11049413681030273
-0.8365016579627991,1.4145255088806152,-0.553596556186676,5.733489990234375,0.28081709146499634
-0.8629044890403748,1.401338815689087,-0.5826367139816284,5.939859867095947,0.28001004457473755
-0.7649365067481995,1.3562507629394531,-0.49368634819984436,5.57604455947876,0.17816102504730225
-0.5285931825637817,1.2935700416564941,-0.26987916231155396,5.952711582183838,0.19912338256835938
-0.8598635196685791,1.145867943763733,-0.6306899189949036,5.779587268829346,0.12084221839904785
-0.8308261036872864,1.3409310579299927,-0.5626398921012878,5.719303131103516,0.13470745086669922
-0.8715664744377136,1.3174699544906616,-0.6080725193023682,5.906269073486328,0.24665433168411255
-0.8950056433677673,1.2883706092834473,-0.637331485748291,5.907815933227539,0.2108963131904602
-0.8388290405273438,1.3699488639831543,-0.564839243888855,5.673553466796875,0.2601594924926758
-0.8276499509811401,1.5670089721679688,-0.5142481327056885,5.9094696044921875,0.35986703634262085
-0.43365174531936646,1.3098082542419434,-0.17169007658958435,5.8237433433532715,0.2967659831047058
-0.6252869367599487,1.3375273942947388,-0.35778144001960754,5.843007564544678,0.19940227270126343
-0.8611878156661987,1.3436663150787354,-0.5924545526504517,5.857816696166992,0.21281856298446655
-0.8628315329551697,1.29166841506958,-0.6044978499412537,5.6920647621154785,0.17110812664031982
-0.9205775260925293,1.2735847234725952,-0.6658605337142944,6.042098045349121,0.6774724721908569
-0.45518505573272705,1.2748388051986694,-0.20021727681159973,5.787973880767822,0.2558842897415161
-0.8285549879074097,1.4066977500915527,-0.547215461730957,5.830051422119141,0.20831626653671265
-0.8213871717453003,1.2821768522262573,-0.5649517774581909,5.759426116943359,0.23087286949157715
-0.8303700685501099,1.2324607372283936,-0.5838779211044312,5.9354567527771,0.22815001010894775
-0.9057742357254028,1.3097761869430542,-0.6438189744949341,5.706827640533447,0.10404568910598755
-0.10583430528640747,1.510453701019287,0.19625642895698547,5.863078594207764,-0.6730414628982544
-0.73262619972229,1.3328347206115723,-0.46605923771858215,5.869375705718994,-0.2943291664123535
-0.8417145013809204,1.49196195602417,-0.5433220863342285,5.824419021606445,-0.2804652452468872
-0.8273937702178955,1.3898141384124756,-0.5494309663772583,5.668415069580078,-0.1939995288848877
-0.8659602403640747,1.4815996885299683,-0.5696402788162231,5.5871686935424805,-0.7838042974472046
-0.8512062430381775,1.4538079500198364,-0.5604446530342102,5.781317234039307,-0.5441851615905762
-0.37965142726898193,1.3019976615905762,-0.11925187706947327,5.93602180480957,-0.06258761882781982
2.333467721939087,1.4458973407745361,2.622647285461426,5.829744338989258,-0.40231525897979736
-0.8694585561752319,1.4229804277420044,-0.584862470626831,5.742946624755859,-0.41438186168670654
-0.7680338025093079,1.149762749671936,-0.5380812287330627,5.272087097167969,-0.09145236015319824
-0.900415301322937,1.365539312362671,-0.6273074150085449,5.915554046630859,-0.42323005199432373
-0.8655436038970947,1.3744888305664062,-0.5906457901000977,5.8409857749938965,-0.4740856885910034
-0.6533569097518921,1.3874783515930176,-0.3758612275123596,5.712611675262451,-0.1883714199066162
-0.8422303199768066,1.3322027921676636,-0.575789749622345,5.769643306732178,-0.3314933776855469
-0.8885767459869385,1.2250304222106934,-0.6435706615447998,5.686466217041016,-0.7132123708724976
-0.9120917916297913,1.2574129104614258,-0.660609245300293,5.936106204986572,-0.4924558401107788
0.62099289894104,1.3395124673843384,0.8888953924179077,5.804581165313721,-0.33976149559020996
-0.8568820357322693,1.386777639389038,-0.5795265436172485,5.693824768066406,-0.40870046615600586
-0.7406749129295349,1.35509192943573,-0.4696565270423889,5.7718963623046875,-0.2782583236694336
-0.9616386890411377,1.0585784912109375,-0.7499229907989502,6.009521484375,-0.030160903930664062
-0.8064498901367188,1.3417596817016602,-0.5380979776382446,5.778595447540283,-0.4991384744644165
-0.6934505701065063,1.3073145151138306,-0.4319876730442047,5.77720308303833,-0.2750622034072876
-0.012340684421360493,1.3611890077590942,0.2598971128463745,5.812351703643799,-0.535509467124939
-0.8872956037521362,1.1905696392059326,-0.6491816639900208,5.897705078125,-0.15529608726501465
-0.8479115962982178,1.158595085144043,-0.6161925792694092,5.7941107749938965,-0.4595695734024048
-0.8586684465408325,1.2813447713851929,-0.602399468421936,5.935577869415283,-0.5813827514648438
-0.8317725658416748,1.2785471677780151,-0.5760631561279297,5.796248912811279,-0.14853715896606445
-0.7807683944702148,1.2307878732681274,-0.5346108078956604,5.918704986572266,-0.3804062604904175
-0.8259906768798828,1.345398187637329,-0.5569109916687012,5.6961846351623535,-0.25794100761413574
-0.8265113234519958,1.3226401805877686,-0.5619832873344421,5.479923248291016,-0.807449221611023
0.434455931186676,1.1862913370132446,0.671714186668396,5.651977062225342,-0.3429490327835083
-0.7914261817932129,1.230633020401001,-0.5452995896339417,5.425179958343506,-0.4473116397857666
-0.7441507577896118,1.2440844774246216,-0.49533385038375854,5.202875137329102,-0.3827357292175293
-0.6989777088165283,1.1630784273147583,-0.46636199951171875,5.702844619750977,-0.13321685791015625
-0.8739602565765381,1.1027277708053589,-0.6534147262573242,5.487658500671387,-0.8482598066329956
-0.6124573349952698,1.2083427906036377,-0.3707887530326843,5.443408966064453,-0.4637641906738281
-0.7484869360923767,1.1360576152801514,-0.5212754011154175,5.578374862670898,-0.23175859451293945
-0.809562623500824,1.1865897178649902,-0.5722446441650391,5.540653705596924,-0.4370979070663452
-0.7637508511543274,1.2314941883087158,-0.5174520015716553,5.4444580078125,-0.22695517539978027
1.7187800407409668,1.2004787921905518,1.9588757753372192,5.139016151428223,-0.6462341547012329
-0.7995114922523499,1.2045207023620605,-0.5586073398590088,5.335276126861572,-0.3667144775390625
-0.5681209564208984,1.1520994901657104,-0.33770105242729187,5.519416809082031,-0.2149118185043335
-0.6901133060455322,1.2350521087646484,-0.4431028962135315,5.313033580780029,-0.5528527498245239
-0.6349890232086182,1.1802148818969727,-0.39894604682922363,5.625229358673096,-0.2569013833999634
-1.0139293670654297,0.9692251086235046,-0.8200843334197998,6.3566999435424805,0.1495923399925232
-0.838250458240509,1.204255223274231,-0.5973994135856628,5.619041442871094,-0.3592265844345093
-0.7452621459960938,1.2200734615325928,-0.5012474656105042,5.287271976470947,-0.31928789615631104
-0.8109056949615479,1.1465234756469727,-0.5816010236740112,5.39684534072876,-0.28862810134887695
-0.82393479347229,1.1794872283935547,-0.588037371635437,5.617538928985596,-0.4388531446456909
-0.8915565013885498,0.9516319632530212,-0.7012301087379456,5.691670894622803,-0.4374486207962036
-0.584822952747345,1.198859691619873,-0.34505099058151245,5.4194207191467285,-0.46156179904937744
-0.7643823623657227,1.1667368412017822,-0.5310350060462952,5.612602233886719,-0.19148337841033936
-0.6830388903617859,1.2121620178222656,-0.4406064748764038,5.355587005615234,-0.40590500831604004
-0.7220147252082825,1.150767207145691,-0.4918612837791443,5.582595348358154,-0.287445068359375
-0.879793107509613,1.1658943891525269,-0.6466141939163208,5.612530708312988,-0.6805760860443115
-0.6592486500740051,1.235368013381958,-0.4121750593185425,5.330570697784424,-0.3294917345046997
-0.7780846357345581,1.2064144611358643,-0.5368017554283142,5.377622127532959,-0.5332118272781372
-0.7599737048149109,1.1741563081741333,-0.5251424312591553,5.641696453094482,-0.23680496215820312
-0.7302441596984863,1.205505609512329,-0.4891430139541626,5.66729211807251,-0.3002455234527588
-0.05920729041099548,1.1310971975326538,0.16701215505599976,5.682554721832275,0.3219398260116577
